PartID,SupplierID,PartCategoryID,PartName,Material,UnitCost,CriticalPart,PartStatus
PRT0001,SUP018,CAT011,Airbag Module 125,Aluminum,134.74,False,Active
PRT0002,SUP004,CAT009,AC Compressor 704,Aluminum,29.65,False,Active
PRT0003,SUP092,CAT009,Air Duct 127,Fabric,55.6,False,Active
PRT0004,SUP001,CAT008,Retainer Clip 384,Plastic,111.99,False,Active
PRT0005,SUP098,CAT006,Brake Pad Set 259,Composite,27.46,False,Active
PRT0006,SUP006,CAT007,Transmission Case 467,Foam,104.65,False,Active
PRT0007,SUP047,CAT007,Transmission Case 665,Lithium-Ion,455.2,True,Active
PRT0008,SUP011,CAT002,Engine Block 777,Rubber,175.5,True,Active
PRT0009,SUP048,CAT007,Gear Set 564,Composite,70.4,True,Active
PRT0010,SUP069,CAT005,Control Arm 723,Rubber,51.11,False,Active
PRT0011,SUP042,CAT007,Gear Set 755,Steel,60.78,True,Active
PRT0012,SUP028,CAT001,Sensor Assembly 510,Lithium-Ion,22.81,False,Active
PRT0013,SUP083,CAT006,Brake Caliper 771,Foam,40.19,False,Active
PRT0014,SUP034,CAT003,Seat Frame 862,Lithium-Ion,7.17,False,Active
PRT0015,SUP066,CAT010,Cell Connector 470,Foam,41.59,True,Active
PRT0016,SUP088,CAT001,ECU Module 256,Glass,21.12,False,Active
PRT0017,SUP071,CAT007,Drive Shaft 710,Steel,52.84,False,Active
PRT0018,SUP015,CAT002,Fuel Injector 868,Copper,167.04,True,Active
PRT0019,SUP034,CAT008,Bolt Set 839,Fabric,16.02,False,Active
PRT0020,SUP082,CAT009,AC Compressor 991,Fabric,10.7,False,Active
PRT0021,SUP100,CAT003,Dashboard Trim 880,Fabric,106.97,True,Inactive
PRT0022,SUP040,CAT010,Battery Cable 600,Rubber,132.32,True,Active
PRT0023,SUP098,CAT010,Battery Module 187,Fabric,155.46,False,Active
PRT0024,SUP068,CAT003,Center Console 662,Lithium-Ion,10.59,True,Active
PRT0025,SUP026,CAT004,Grille Assembly 873,Copper,21.42,False,Active
PRT0026,SUP032,CAT011,Impact Sensor 548,Rubber,121.4,False,Active
PRT0027,SUP029,CAT001,Control Unit 667,Steel,13.19,False,Active
PRT0028,SUP043,CAT011,Airbag Module 334,Aluminum,93.68,True,Active
PRT0029,SUP093,CAT005,Crossmember 319,Lithium-Ion,20.48,False,Active
PRT0030,SUP013,CAT004,Fender Panel 926,Aluminum,26.22,False,Active
PRT0031,SUP094,CAT006,ABS Module 520,Steel,20.46,False,Active
PRT0032,SUP014,CAT011,Airbag Module 162,Rubber,439.83,True,Active
PRT0033,SUP036,CAT009,Heater Core 243,Foam,32.76,False,Active
PRT0034,SUP007,CAT002,Timing Chain 927,Fabric,51.88,False,Active
PRT0035,SUP052,CAT002,Cylinder Head 270,Steel,220.25,True,Active
PRT0036,SUP059,CAT001,Fuse Box 371,Copper,12.47,False,Active
PRT0037,SUP020,CAT012,Light Housing 777,Rubber,39.14,False,Active
PRT0038,SUP096,CAT001,Control Unit 853,Composite,6.91,False,Active
PRT0039,SUP008,CAT010,Cell Connector 614,Fabric,41.11,False,Active
PRT0040,SUP031,CAT003,Door Panel 709,Glass,38.76,True,Active
PRT0041,SUP054,CAT010,Battery Tray 692,Lithium-Ion,230.68,True,Active
PRT0042,SUP041,CAT006,Brake Pad Set 309,Rubber,37.98,False,Active
PRT0043,SUP097,CAT003,Dashboard Trim 568,Aluminum,30.19,False,Active
PRT0044,SUP034,CAT010,Cooling Plate 202,Plastic,68.71,True,Inactive
PRT0045,SUP070,CAT002,Cylinder Head 478,Copper,33.64,True,Active
PRT0046,SUP085,CAT011,Safety Controller 108,Aluminum,68.22,True,Inactive
PRT0047,SUP096,CAT003,Dashboard Trim 218,Fabric,22.91,False,Active
PRT0048,SUP027,CAT005,Stabilizer Bar 315,Copper,77.15,False,Active
PRT0049,SUP036,CAT005,Control Arm 194,Steel,43.59,False,Active
PRT0050,SUP071,CAT003,Dashboard Trim 265,Glass,8.08,False,Active
PRT0051,SUP048,CAT002,Engine Block 807,Lithium-Ion,156.09,False,Active
PRT0052,SUP006,CAT007,Clutch Assembly 142,Composite,114.32,True,Active
PRT0053,SUP053,CAT004,Front Bumper 462,Lithium-Ion,19.27,False,Active
PRT0054,SUP053,CAT004,Rear Bumper 919,Steel,54.02,False,Active
PRT0055,SUP095,CAT006,ABS Module 921,Rubber,75.55,False,Active
PRT0056,SUP061,CAT012,Headlamp Assembly 491,Rubber,69.76,False,Active
PRT0057,SUP030,CAT008,Screw Pack 412,Rubber,16.92,False,Active
PRT0058,SUP009,CAT004,Fender Panel 436,Copper,25.86,False,Active
PRT0059,SUP069,CAT009,Heater Core 795,Composite,43.16,False,Inactive
PRT0060,SUP005,CAT002,Oil Pump 282,Aluminum,357.78,True,Active
PRT0061,SUP066,CAT006,Brake Pad Set 546,Aluminum,22.57,False,Active
PRT0062,SUP067,CAT010,Battery Tray 360,Fabric,94.42,True,Active
PRT0063,SUP086,CAT012,Taillight Assembly 472,Composite,13.67,False,Active
PRT0064,SUP086,CAT011,Airbag Module 837,Glass,44.79,False,Active
PRT0065,SUP054,CAT012,Fog Lamp 667,Glass,63.44,True,Active
PRT0066,SUP071,CAT003,Carpet Set 682,Steel,98.0,False,Active
PRT0067,SUP084,CAT004,Fender Panel 904,Composite,31.26,False,Active
PRT0068,SUP095,CAT008,Clip Set 623,Plastic,73.91,False,Active
PRT0069,SUP043,CAT005,Stabilizer Bar 779,Aluminum,44.23,False,Active
PRT0070,SUP019,CAT004,Side Mirror 330,Steel,19.76,False,Active
PRT0071,SUP059,CAT008,Retainer Clip 970,Glass,44.22,False,Active
PRT0072,SUP032,CAT010,Battery Tray 835,Plastic,394.78,True,Active
PRT0073,SUP023,CAT001,ECU Module 897,Fabric,32.18,False,Active
PRT0074,SUP018,CAT009,Blower Motor 968,Foam,115.78,True,Active
PRT0075,SUP057,CAT009,Air Duct 424,Lithium-Ion,4.07,False,Active
PRT0076,SUP058,CAT009,Heater Core 950,Plastic,63.91,False,Active
PRT0077,SUP082,CAT008,Washer Kit 365,Copper,35.5,False,Active
PRT0078,SUP057,CAT009,Heater Core 741,Aluminum,26.07,False,Active
PRT0079,SUP070,CAT004,Side Mirror 443,Aluminum,35.64,False,Active
PRT0080,SUP028,CAT004,Fender Panel 810,Aluminum,6.75,True,Active
PRT0081,SUP027,CAT006,Brake Hose 577,Glass,27.78,False,Active
PRT0082,SUP062,CAT010,Battery Module 977,Steel,164.25,False,Inactive
PRT0083,SUP054,CAT005,Crossmember 973,Fabric,108.02,False,Active
PRT0084,SUP035,CAT009,Air Duct 325,Glass,21.88,False,Active
PRT0085,SUP022,CAT007,Gear Set 784,Foam,55.71,True,Inactive
PRT0086,SUP085,CAT010,Cooling Plate 127,Steel,83.71,False,Active
PRT0087,SUP049,CAT007,Clutch Assembly 987,Composite,148.15,True,Active
PRT0088,SUP036,CAT006,Brake Pad Set 879,Glass,43.08,False,Active
PRT0089,SUP045,CAT002,Timing Chain 119,Rubber,46.75,False,Active
PRT0090,SUP003,CAT011,Airbag Module 872,Lithium-Ion,136.9,True,Active
PRT0091,SUP028,CAT003,Center Console 785,Foam,35.79,True,Active
PRT0092,SUP096,CAT006,Brake Caliper 720,Aluminum,71.87,False,Active
PRT0093,SUP040,CAT003,Dashboard Trim 210,Lithium-Ion,18.88,False,Active
PRT0094,SUP081,CAT007,Drive Shaft 832,Rubber,96.22,True,Active
PRT0095,SUP073,CAT005,Stabilizer Bar 924,Steel,24.2,True,Active
PRT0096,SUP054,CAT007,Gear Set 170,Foam,31.05,True,Active
PRT0097,SUP023,CAT006,ABS Module 824,Fabric,41.97,True,Inactive
PRT0098,SUP100,CAT005,Stabilizer Bar 927,Foam,40.81,False,Active
PRT0099,SUP032,CAT012,Light Housing 374,Aluminum,33.25,False,Active
PRT0100,SUP079,CAT008,Clip Set 868,Glass,27.45,False,Active
PRT0101,SUP046,CAT008,Screw Pack 286,Copper,10.67,False,Active
PRT0102,SUP011,CAT010,Battery Cable 669,Rubber,114.57,True,Active
PRT0103,SUP061,CAT008,Retainer Clip 876,Foam,25.17,False,Active
PRT0104,SUP089,CAT001,ECU Module 401,Rubber,17.43,False,Active
PRT0105,SUP096,CAT010,Battery Cable 584,Fabric,88.24,True,Active
PRT0106,SUP030,CAT012,LED Module 377,Aluminum,45.75,False,Active
PRT0107,SUP098,CAT006,Brake Rotor 860,Plastic,149.75,False,Active
PRT0108,SUP098,CAT012,LED Module 383,Fabric,38.08,False,Active
PRT0109,SUP002,CAT002,Cylinder Head 403,Fabric,103.28,True,Active
PRT0110,SUP017,CAT001,ECU Module 666,Foam,31.2,False,Active
PRT0111,SUP057,CAT001,Control Unit 391,Composite,7.13,False,Active
PRT0112,SUP009,CAT001,Sensor Assembly 982,Glass,32.42,False,Active
PRT0113,SUP039,CAT010,Battery Module 255,Aluminum,128.18,True,Obsolete
PRT0114,SUP080,CAT002,Fuel Injector 882,Rubber,900.12,True,Active
PRT0115,SUP055,CAT007,Drive Shaft 553,Copper,106.9,True,Active
PRT0116,SUP098,CAT001,Control Unit 857,Rubber,42.15,True,Active
PRT0117,SUP071,CAT005,Control Arm 260,Aluminum,32.21,False,Active
PRT0118,SUP030,CAT007,Drive Shaft 805,Copper,37.36,True,Active
PRT0119,SUP034,CAT012,LED Module 172,Lithium-Ion,82.62,False,Active
PRT0120,SUP083,CAT004,Fender Panel 217,Plastic,60.43,False,Inactive
PRT0121,SUP040,CAT003,Door Panel 161,Lithium-Ion,62.35,True,Active
PRT0122,SUP090,CAT010,Battery Cable 549,Glass,65.06,True,Inactive
PRT0123,SUP077,CAT009,Air Duct 605,Steel,101.72,False,Active
PRT0124,SUP012,CAT012,Fog Lamp 718,Rubber,10.79,False,Inactive
PRT0125,SUP035,CAT010,Cooling Plate 121,Lithium-Ion,212.73,False,Active
PRT0126,SUP036,CAT003,Center Console 631,Plastic,191.02,False,Obsolete
PRT0127,SUP042,CAT007,Drive Shaft 193,Aluminum,48.34,True,Active
PRT0128,SUP085,CAT006,ABS Module 810,Glass,21.05,False,Active
PRT0129,SUP033,CAT009,AC Compressor 565,Composite,35.86,True,Active
PRT0130,SUP070,CAT007,Torque Converter 944,Foam,87.96,False,Active
PRT0131,SUP064,CAT004,Grille Assembly 470,Foam,9.58,False,Active
PRT0132,SUP037,CAT004,Side Mirror 662,Foam,34.98,True,Active
PRT0133,SUP078,CAT008,Bolt Set 129,Rubber,14.16,False,Active
PRT0134,SUP012,CAT005,Stabilizer Bar 114,Rubber,48.37,False,Obsolete
PRT0135,SUP092,CAT002,Timing Chain 220,Copper,39.07,True,Active
PRT0136,SUP061,CAT005,Crossmember 954,Rubber,114.43,False,Active
PRT0137,SUP066,CAT003,Center Console 295,Plastic,17.7,False,Active
PRT0138,SUP065,CAT005,Crossmember 448,Copper,25.59,False,Active
PRT0139,SUP085,CAT005,Suspension Link 957,Foam,63.49,False,Active
PRT0140,SUP071,CAT008,Retainer Clip 595,Fabric,12.37,False,Active
PRT0141,SUP050,CAT006,Brake Caliper 814,Rubber,39.72,False,Active
PRT0142,SUP049,CAT007,Transmission Case 425,Glass,387.82,False,Obsolete
PRT0143,SUP076,CAT011,Seatbelt Assembly 607,Composite,21.77,False,Active
PRT0144,SUP002,CAT008,Bolt Set 638,Plastic,38.39,False,Active
PRT0145,SUP044,CAT011,Seatbelt Assembly 176,Lithium-Ion,200.08,True,Active
PRT0146,SUP069,CAT011,Airbag Module 972,Glass,249.03,True,Inactive
PRT0147,SUP031,CAT011,Crash Sensor 993,Copper,47.42,True,Obsolete
PRT0148,SUP098,CAT012,Headlamp Assembly 544,Aluminum,11.51,False,Active
PRT0149,SUP008,CAT012,Fog Lamp 129,Copper,50.28,True,Active
PRT0150,SUP024,CAT007,Clutch Assembly 350,Plastic,155.31,True,Active
PRT0151,SUP075,CAT010,Cell Connector 734,Plastic,141.33,True,Active
PRT0152,SUP060,CAT011,Impact Sensor 570,Copper,88.61,True,Active
PRT0153,SUP076,CAT003,Door Panel 552,Copper,19.22,False,Active
PRT0154,SUP050,CAT007,Gear Set 567,Foam,103.59,False,Active
PRT0155,SUP038,CAT007,Torque Converter 467,Steel,208.43,True,Obsolete
PRT0156,SUP100,CAT011,Crash Sensor 381,Steel,85.93,True,Inactive
PRT0157,SUP037,CAT012,LED Module 952,Rubber,147.32,False,Active
PRT0158,SUP033,CAT006,Brake Caliper 751,Plastic,48.38,True,Active
PRT0159,SUP047,CAT011,Airbag Module 416,Plastic,26.82,False,Active
PRT0160,SUP026,CAT005,Suspension Link 865,Plastic,55.99,False,Active
PRT0161,SUP022,CAT006,Brake Hose 613,Copper,15.18,False,Inactive
PRT0162,SUP015,CAT008,Screw Pack 864,Foam,62.16,False,Inactive
PRT0163,SUP087,CAT003,Seat Frame 980,Glass,83.67,False,Inactive
PRT0164,SUP002,CAT009,Evaporator Core 192,Copper,17.17,False,Active
PRT0165,SUP034,CAT008,Screw Pack 788,Lithium-Ion,71.57,False,Active
PRT0166,SUP080,CAT011,Impact Sensor 210,Fabric,157.3,True,Active
PRT0167,SUP090,CAT010,Battery Tray 763,Copper,285.82,True,Active
PRT0168,SUP064,CAT002,Cylinder Head 146,Aluminum,439.94,False,Active
PRT0169,SUP086,CAT009,Blower Motor 497,Fabric,27.21,False,Active
PRT0170,SUP063,CAT012,Taillight Assembly 524,Lithium-Ion,18.12,False,Active
PRT0171,SUP057,CAT005,Control Arm 806,Foam,16.25,False,Inactive
PRT0172,SUP083,CAT006,Brake Rotor 802,Composite,17.24,False,Active
PRT0173,SUP059,CAT005,Subframe 225,Aluminum,31.13,False,Active
PRT0174,SUP017,CAT011,Safety Controller 121,Lithium-Ion,130.55,True,Active
PRT0175,SUP030,CAT009,Blower Motor 700,Composite,41.32,False,Active
PRT0176,SUP017,CAT010,Battery Module 383,Fabric,156.22,False,Active
PRT0177,SUP017,CAT003,Door Panel 776,Steel,33.46,False,Active
PRT0178,SUP034,CAT004,Grille Assembly 431,Steel,105.94,True,Active
PRT0179,SUP100,CAT007,Torque Converter 216,Composite,91.89,False,Active
PRT0180,SUP094,CAT002,Timing Chain 615,Fabric,1122.14,True,Active
PRT0181,SUP055,CAT011,Airbag Module 162,Aluminum,248.12,False,Active
PRT0182,SUP019,CAT008,Bolt Set 182,Aluminum,16.68,False,Active
PRT0183,SUP077,CAT010,Cooling Plate 661,Fabric,44.19,False,Active
PRT0184,SUP090,CAT009,Air Duct 540,Aluminum,48.71,True,Active
PRT0185,SUP030,CAT011,Safety Controller 838,Glass,91.11,False,Active
PRT0186,SUP041,CAT008,Washer Kit 525,Glass,58.63,False,Active
PRT0187,SUP061,CAT005,Suspension Link 256,Aluminum,48.36,False,Active
PRT0188,SUP017,CAT002,Engine Block 542,Fabric,131.72,True,Active
PRT0189,SUP053,CAT009,Air Duct 437,Composite,16.82,False,Active
PRT0190,SUP074,CAT007,Transmission Case 394,Fabric,30.12,True,Active
PRT0191,SUP072,CAT011,Crash Sensor 329,Composite,70.68,False,Active
PRT0192,SUP072,CAT005,Stabilizer Bar 331,Lithium-Ion,65.7,False,Active
PRT0193,SUP089,CAT011,Safety Controller 126,Copper,156.16,True,Active
PRT0194,SUP024,CAT005,Suspension Link 447,Plastic,12.22,False,Active
PRT0195,SUP012,CAT007,Transmission Case 245,Fabric,186.98,False,Active
PRT0196,SUP042,CAT007,Drive Shaft 449,Lithium-Ion,132.28,True,Active
PRT0197,SUP007,CAT001,Wiring Harness 261,Aluminum,16.33,False,Active
PRT0198,SUP028,CAT011,Crash Sensor 597,Fabric,121.43,True,Active
PRT0199,SUP068,CAT007,Transmission Case 390,Copper,131.11,True,Active
PRT0200,SUP028,CAT007,Torque Converter 156,Plastic,38.54,True,Active
PRT0201,SUP096,CAT005,Suspension Link 222,Glass,44.09,True,Active
PRT0202,SUP086,CAT007,Torque Converter 820,Composite,190.65,True,Active
PRT0203,SUP010,CAT012,Headlamp Assembly 546,Composite,78.76,True,Active
PRT0204,SUP052,CAT010,Cell Connector 826,Steel,220.71,True,Inactive
PRT0205,SUP047,CAT003,Carpet Set 571,Aluminum,11.0,False,Active
PRT0206,SUP051,CAT002,Cylinder Head 546,Copper,55.86,True,Active
PRT0207,SUP066,CAT004,Side Mirror 897,Aluminum,50.0,True,Active
PRT0208,SUP083,CAT004,Side Mirror 459,Plastic,49.95,False,Active
PRT0209,SUP020,CAT003,Dashboard Trim 302,Aluminum,50.0,True,Active
PRT0210,SUP058,CAT011,Crash Sensor 575,Lithium-Ion,3090.41,False,Active
PRT0211,SUP057,CAT010,Battery Cable 984,Aluminum,154.17,False,Active
PRT0212,SUP065,CAT011,Impact Sensor 915,Aluminum,178.12,True,Active
PRT0213,SUP037,CAT008,Bolt Set 158,Aluminum,71.04,False,Active
PRT0214,SUP071,CAT002,Fuel Injector 708,Steel,188.92,True,Active
PRT0215,SUP008,CAT010,Battery Tray 429,Foam,90.16,True,Active
PRT0216,SUP006,CAT006,Brake Rotor 616,Rubber,60.77,False,Active
PRT0217,SUP047,CAT008,Retainer Clip 635,Composite,17.85,False,Inactive
PRT0218,SUP081,CAT007,Drive Shaft 893,Composite,103.95,True,Active
PRT0219,SUP085,CAT002,Fuel Injector 794,Lithium-Ion,61.9,True,Active
PRT0220,SUP045,CAT006,Brake Rotor 696,Copper,35.36,False,Inactive
PRT0221,SUP011,CAT012,LED Module 232,Copper,210.97,False,Active
PRT0222,SUP095,CAT011,Impact Sensor 932,Fabric,30.53,True,Active
PRT0223,SUP024,CAT011,Crash Sensor 620,Rubber,177.05,True,Active
PRT0224,SUP020,CAT008,Clip Set 331,Aluminum,9.11,False,Active
PRT0225,SUP068,CAT002,Fuel Injector 889,Steel,95.7,True,Active
PRT0226,SUP089,CAT010,Battery Tray 711,Lithium-Ion,196.8,True,Active
PRT0227,SUP087,CAT003,Center Console 144,Rubber,34.86,False,Inactive
PRT0228,SUP069,CAT010,Battery Cable 870,Rubber,46.79,False,Active
PRT0229,SUP074,CAT008,Clip Set 476,Foam,18.69,False,Active
PRT0230,SUP021,CAT005,Crossmember 614,Rubber,57.04,False,Active
PRT0231,SUP048,CAT003,Dashboard Trim 153,Fabric,18.46,False,Inactive
PRT0232,SUP011,CAT012,Light Housing 971,Plastic,39.38,True,Active
PRT0233,SUP029,CAT009,Blower Motor 950,Foam,34.35,False,Active
PRT0234,SUP048,CAT001,Fuse Box 154,Rubber,19.66,False,Active
PRT0235,SUP092,CAT002,Oil Pump 329,Composite,882.01,True,Active
PRT0236,SUP061,CAT003,Door Panel 393,Plastic,54.99,False,Active
PRT0237,SUP011,CAT008,Washer Kit 730,Steel,6.55,True,Active
PRT0238,SUP055,CAT003,Carpet Set 844,Aluminum,38.44,False,Active
PRT0239,SUP054,CAT004,Side Mirror 224,Lithium-Ion,19.5,True,Active
PRT0240,SUP074,CAT002,Timing Chain 711,Rubber,255.14,True,Active
PRT0241,SUP031,CAT005,Crossmember 101,Lithium-Ion,17.57,False,Active
PRT0242,SUP068,CAT011,Airbag Module 636,Fabric,66.55,False,Active
PRT0243,SUP061,CAT009,Air Duct 120,Steel,49.6,False,Active
PRT0244,SUP009,CAT006,Brake Pad Set 865,Composite,66.19,True,Active
PRT0245,SUP018,CAT011,Airbag Module 890,Steel,54.14,True,Active
PRT0246,SUP060,CAT006,Brake Caliper 950,Foam,25.34,False,Active
PRT0247,SUP059,CAT003,Door Panel 833,Steel,22.65,False,Active
PRT0248,SUP040,CAT001,Wiring Harness 142,Fabric,19.64,False,Active
PRT0249,SUP083,CAT009,Heater Core 359,Rubber,135.96,True,Active
PRT0250,SUP048,CAT001,Sensor Assembly 379,Glass,45.79,True,Active
PRT0251,SUP024,CAT012,LED Module 495,Foam,12.08,False,Active
PRT0252,SUP094,CAT006,Brake Hose 373,Glass,69.01,False,Active
PRT0253,SUP042,CAT010,Battery Tray 658,Copper,417.39,True,Active
PRT0254,SUP006,CAT010,Cell Connector 270,Composite,231.05,True,Active
PRT0255,SUP010,CAT007,Gear Set 754,Glass,47.57,False,Active
PRT0256,SUP078,CAT012,Taillight Assembly 131,Foam,22.48,True,Active
PRT0257,SUP073,CAT002,Cylinder Head 897,Steel,281.61,True,Active
PRT0258,SUP074,CAT011,Crash Sensor 479,Plastic,80.64,True,Active
PRT0259,SUP004,CAT007,Gear Set 765,Plastic,230.56,True,Active
PRT0260,SUP058,CAT007,Torque Converter 220,Rubber,171.13,True,Obsolete
PRT0261,SUP010,CAT005,Crossmember 304,Foam,15.78,True,Active
PRT0262,SUP041,CAT012,LED Module 189,Composite,31.58,False,Active
PRT0263,SUP021,CAT009,Air Duct 397,Plastic,2.48,False,Active
PRT0264,SUP018,CAT009,Blower Motor 224,Rubber,14.59,False,Active
PRT0265,SUP060,CAT001,Sensor Assembly 667,Fabric,27.06,False,Active
PRT0266,SUP062,CAT002,Engine Block 416,Fabric,50.64,True,Active
PRT0267,SUP010,CAT007,Torque Converter 175,Foam,360.71,True,Active
PRT0268,SUP100,CAT009,Evaporator Core 231,Fabric,10.55,False,Active
PRT0269,SUP008,CAT003,Seat Frame 543,Aluminum,23.29,False,Active
PRT0270,SUP091,CAT005,Subframe 265,Rubber,36.77,False,Active
PRT0271,SUP026,CAT009,Evaporator Core 966,Fabric,104.9,True,Active
PRT0272,SUP022,CAT011,Impact Sensor 729,Lithium-Ion,36.83,True,Inactive
PRT0273,SUP078,CAT003,Seat Frame 774,Composite,83.98,False,Active
PRT0274,SUP083,CAT010,Battery Module 945,Lithium-Ion,74.92,False,Active
PRT0275,SUP004,CAT004,Grille Assembly 526,Foam,15.1,False,Active
PRT0276,SUP062,CAT009,Evaporator Core 757,Rubber,47.93,False,Active
PRT0277,SUP021,CAT011,Crash Sensor 404,Foam,157.88,True,Active
PRT0278,SUP041,CAT008,Clip Set 448,Composite,20.49,False,Active
PRT0279,SUP066,CAT006,ABS Module 233,Fabric,35.02,False,Active
PRT0280,SUP032,CAT004,Fender Panel 225,Plastic,24.33,False,Active
PRT0281,SUP032,CAT005,Crossmember 984,Plastic,36.26,False,Active
PRT0282,SUP066,CAT010,Battery Cable 294,Foam,196.55,False,Active
PRT0283,SUP051,CAT005,Crossmember 123,Fabric,117.78,True,Active
PRT0284,SUP007,CAT004,Rear Bumper 697,Copper,12.3,False,Active
PRT0285,SUP056,CAT011,Crash Sensor 392,Plastic,828.55,True,Active
PRT0286,SUP006,CAT012,Fog Lamp 882,Glass,6.95,False,Active
PRT0287,SUP010,CAT009,Blower Motor 471,Glass,29.33,False,Active
PRT0288,SUP088,CAT009,Evaporator Core 945,Lithium-Ion,53.02,False,Active
PRT0289,SUP047,CAT002,Timing Chain 482,Plastic,125.1,False,Active
PRT0290,SUP005,CAT009,Heater Core 612,Plastic,20.12,True,Active
PRT0291,SUP066,CAT008,Retainer Clip 567,Plastic,28.04,True,Active
PRT0292,SUP039,CAT010,Battery Cable 266,Lithium-Ion,85.92,True,Active
PRT0293,SUP039,CAT009,Air Duct 601,Foam,20.67,False,Active
PRT0294,SUP054,CAT006,Brake Pad Set 789,Lithium-Ion,65.35,True,Active
PRT0295,SUP084,CAT012,Headlamp Assembly 711,Lithium-Ion,44.06,False,Active
PRT0296,SUP068,CAT012,Headlamp Assembly 697,Lithium-Ion,19.02,False,Active
PRT0297,SUP090,CAT007,Clutch Assembly 941,Aluminum,142.46,True,Active
PRT0298,SUP089,CAT008,Screw Pack 528,Rubber,42.34,True,Active
PRT0299,SUP091,CAT010,Cell Connector 993,Plastic,265.36,False,Active
PRT0300,SUP049,CAT009,Evaporator Core 778,Composite,54.8,False,Inactive
PRT0301,SUP087,CAT008,Retainer Clip 450,Copper,17.06,False,Active
PRT0302,SUP029,CAT004,Rear Bumper 385,Copper,21.15,False,Active
PRT0303,SUP041,CAT012,Taillight Assembly 806,Foam,60.21,False,Active
PRT0304,SUP087,CAT012,Fog Lamp 394,Fabric,53.96,True,Active
PRT0305,SUP037,CAT007,Gear Set 891,Aluminum,93.52,False,Active
PRT0306,SUP026,CAT008,Screw Pack 865,Fabric,36.37,False,Active
PRT0307,SUP095,CAT009,Evaporator Core 240,Lithium-Ion,92.03,True,Active
PRT0308,SUP007,CAT001,Control Unit 331,Aluminum,20.63,False,Active
PRT0309,SUP018,CAT012,LED Module 202,Steel,51.3,False,Inactive
PRT0310,SUP061,CAT003,Center Console 768,Foam,28.17,False,Active
PRT0311,SUP099,CAT005,Suspension Link 392,Aluminum,27.82,False,Active
PRT0312,SUP005,CAT004,Grille Assembly 856,Plastic,79.76,False,Active
PRT0313,SUP064,CAT003,Door Panel 956,Plastic,64.09,False,Inactive
PRT0314,SUP078,CAT005,Control Arm 109,Aluminum,63.49,False,Inactive
PRT0315,SUP070,CAT006,Brake Pad Set 565,Fabric,94.1,False,Active
PRT0316,SUP015,CAT003,Carpet Set 579,Composite,33.68,False,Active
PRT0317,SUP095,CAT008,Screw Pack 835,Composite,57.14,True,Active
PRT0318,SUP052,CAT010,Battery Tray 279,Glass,101.19,True,Active
PRT0319,SUP062,CAT002,Timing Chain 785,Composite,212.24,True,Inactive
PRT0320,SUP097,CAT001,Sensor Assembly 492,Copper,29.84,False,Inactive
PRT0321,SUP034,CAT005,Stabilizer Bar 840,Composite,35.79,False,Active
PRT0322,SUP052,CAT001,ECU Module 576,Fabric,53.31,False,Inactive
PRT0323,SUP038,CAT012,Fog Lamp 806,Composite,17.21,True,Active
PRT0324,SUP096,CAT004,Rear Bumper 589,Lithium-Ion,176.6,True,Active
PRT0325,SUP086,CAT012,Light Housing 582,Rubber,14.81,False,Active
PRT0326,SUP068,CAT011,Safety Controller 994,Composite,44.85,False,Active
PRT0327,SUP026,CAT010,Battery Module 163,Lithium-Ion,393.83,False,Active
PRT0328,SUP015,CAT003,Dashboard Trim 974,Rubber,62.39,False,Active
PRT0329,SUP008,CAT008,Bolt Set 622,Foam,54.56,False,Active
PRT0330,SUP040,CAT007,Drive Shaft 677,Steel,185.41,True,Active
PRT0331,SUP055,CAT001,Wiring Harness 692,Composite,32.79,True,Active
PRT0332,SUP061,CAT009,AC Compressor 170,Steel,16.15,False,Active
PRT0333,SUP094,CAT003,Seat Frame 884,Glass,35.19,False,Active
PRT0334,SUP011,CAT007,Drive Shaft 990,Fabric,60.33,False,Active
PRT0335,SUP051,CAT006,Brake Rotor 282,Fabric,72.25,False,Active
PRT0336,SUP039,CAT004,Front Bumper 874,Foam,29.44,True,Active
PRT0337,SUP030,CAT009,Heater Core 644,Rubber,17.11,False,Active
PRT0338,SUP093,CAT003,Dashboard Trim 293,Aluminum,25.61,False,Active
PRT0339,SUP003,CAT011,Crash Sensor 729,Rubber,214.33,False,Active
PRT0340,SUP007,CAT002,Fuel Injector 134,Rubber,84.7,True,Active
PRT0341,SUP100,CAT007,Drive Shaft 339,Steel,73.11,True,Active
PRT0342,SUP074,CAT005,Subframe 935,Composite,40.24,False,Active
PRT0343,SUP085,CAT011,Impact Sensor 342,Fabric,97.87,True,Active
PRT0344,SUP076,CAT005,Suspension Link 162,Plastic,22.07,False,Active
PRT0345,SUP083,CAT007,Torque Converter 607,Glass,68.92,True,Active
PRT0346,SUP049,CAT006,ABS Module 518,Plastic,39.87,True,Active
PRT0347,SUP091,CAT008,Clip Set 969,Plastic,10.4,False,Active
PRT0348,SUP072,CAT001,Control Unit 522,Fabric,10.74,False,Active
PRT0349,SUP011,CAT004,Side Mirror 308,Foam,18.64,False,Active
PRT0350,SUP049,CAT002,Fuel Injector 841,Lithium-Ion,60.16,False,Active
PRT0351,SUP072,CAT002,Cylinder Head 923,Rubber,177.22,False,Active
PRT0352,SUP025,CAT006,Brake Pad Set 115,Aluminum,107.8,False,Active
PRT0353,SUP027,CAT008,Clip Set 812,Glass,65.77,False,Inactive
PRT0354,SUP060,CAT009,Evaporator Core 894,Fabric,29.14,False,Active
PRT0355,SUP064,CAT005,Suspension Link 468,Foam,32.62,False,Active
PRT0356,SUP027,CAT012,LED Module 879,Composite,14.85,False,Active
PRT0357,SUP019,CAT001,Control Unit 984,Steel,32.63,False,Active
PRT0358,SUP043,CAT010,Cooling Plate 837,Rubber,64.6,True,Active
PRT0359,SUP088,CAT004,Fender Panel 663,Composite,42.87,False,Active
PRT0360,SUP046,CAT008,Washer Kit 571,Plastic,17.09,True,Active
PRT0361,SUP070,CAT009,Heater Core 288,Steel,50.17,False,Active
PRT0362,SUP081,CAT002,Engine Block 882,Rubber,272.27,True,Active
PRT0363,SUP048,CAT003,Door Panel 323,Steel,30.36,False,Active
PRT0364,SUP069,CAT011,Safety Controller 594,Fabric,93.5,True,Active
PRT0365,SUP037,CAT001,Control Unit 839,Steel,57.52,False,Active
PRT0366,SUP023,CAT012,LED Module 925,Aluminum,24.02,False,Inactive
PRT0367,SUP068,CAT009,Blower Motor 346,Copper,39.62,True,Active
PRT0368,SUP052,CAT005,Crossmember 180,Foam,33.45,False,Active
PRT0369,SUP011,CAT012,Taillight Assembly 407,Steel,35.81,False,Active
PRT0370,SUP090,CAT007,Drive Shaft 665,Plastic,69.76,True,Active
PRT0371,SUP068,CAT007,Gear Set 679,Steel,166.2,False,Active
PRT0372,SUP010,CAT012,Light Housing 586,Copper,49.32,False,Active
PRT0373,SUP027,CAT010,Battery Module 283,Lithium-Ion,311.21,False,Active
PRT0374,SUP073,CAT012,LED Module 178,Rubber,71.34,False,Active
PRT0375,SUP089,CAT007,Torque Converter 439,Aluminum,782.29,True,Active
PRT0376,SUP010,CAT006,Brake Rotor 200,Composite,17.92,False,Active
PRT0377,SUP082,CAT010,Cooling Plate 506,Copper,198.23,False,Active
PRT0378,SUP049,CAT008,Washer Kit 333,Glass,38.35,False,Active
PRT0379,SUP032,CAT010,Cell Connector 187,Aluminum,551.02,False,Active
PRT0380,SUP020,CAT003,Center Console 828,Glass,17.35,False,Active
PRT0381,SUP098,CAT002,Engine Block 105,Copper,56.41,False,Active
PRT0382,SUP053,CAT002,Cylinder Head 541,Aluminum,75.12,True,Active
PRT0383,SUP042,CAT006,Brake Hose 195,Glass,6.05,False,Active
PRT0384,SUP032,CAT007,Drive Shaft 897,Lithium-Ion,102.3,True,Active
PRT0385,SUP064,CAT011,Crash Sensor 273,Plastic,52.38,True,Active
PRT0386,SUP047,CAT007,Gear Set 531,Copper,162.4,True,Inactive
PRT0387,SUP059,CAT012,LED Module 708,Aluminum,43.53,False,Active
PRT0388,SUP049,CAT001,Fuse Box 440,Composite,148.55,False,Active
PRT0389,SUP089,CAT007,Torque Converter 239,Rubber,269.84,True,Active
PRT0390,SUP089,CAT003,Center Console 426,Foam,20.87,False,Inactive
PRT0391,SUP051,CAT004,Side Mirror 485,Composite,16.14,False,Active
PRT0392,SUP099,CAT010,Battery Tray 706,Fabric,124.65,False,Active
PRT0393,SUP038,CAT012,LED Module 825,Aluminum,11.52,False,Active
PRT0394,SUP085,CAT007,Drive Shaft 242,Plastic,390.73,True,Active
PRT0395,SUP052,CAT007,Transmission Case 559,Fabric,292.48,False,Active
PRT0396,SUP047,CAT012,LED Module 656,Fabric,22.75,True,Active
PRT0397,SUP022,CAT002,Engine Block 887,Lithium-Ion,33.59,True,Active
PRT0398,SUP014,CAT011,Crash Sensor 870,Steel,429.3,True,Active
PRT0399,SUP075,CAT004,Grille Assembly 864,Lithium-Ion,30.22,False,Active
PRT0400,SUP076,CAT006,ABS Module 574,Fabric,89.14,False,Active
PRT0401,SUP011,CAT001,Fuse Box 207,Aluminum,9.25,False,Active
PRT0402,SUP059,CAT012,Taillight Assembly 456,Rubber,20.5,False,Active
PRT0403,SUP090,CAT006,ABS Module 199,Foam,33.25,False,Active
PRT0404,SUP003,CAT005,Control Arm 929,Composite,34.38,False,Active
PRT0405,SUP021,CAT011,Seatbelt Assembly 858,Composite,58.29,True,Active
PRT0406,SUP024,CAT008,Clip Set 916,Plastic,54.5,False,Active
PRT0407,SUP058,CAT007,Drive Shaft 129,Lithium-Ion,65.56,False,Active
PRT0408,SUP091,CAT001,Wiring Harness 310,Aluminum,29.55,False,Active
PRT0409,SUP059,CAT009,Blower Motor 474,Aluminum,36.46,False,Active
PRT0410,SUP050,CAT008,Retainer Clip 754,Lithium-Ion,49.98,False,Active
PRT0411,SUP087,CAT002,Oil Pump 460,Copper,225.42,False,Inactive
PRT0412,SUP040,CAT010,Battery Module 788,Aluminum,31.7,True,Active
PRT0413,SUP077,CAT012,Taillight Assembly 623,Plastic,9.71,False,Active
PRT0414,SUP083,CAT007,Clutch Assembly 598,Plastic,375.51,True,Active
PRT0415,SUP058,CAT008,Screw Pack 243,Lithium-Ion,43.2,True,Active
PRT0416,SUP050,CAT006,Brake Rotor 596,Fabric,18.2,True,Active
PRT0417,SUP091,CAT008,Washer Kit 801,Foam,114.54,False,Active
PRT0418,SUP005,CAT002,Fuel Injector 131,Copper,96.7,False,Active
PRT0419,SUP096,CAT005,Subframe 899,Foam,85.07,False,Active
PRT0420,SUP047,CAT002,Fuel Injector 216,Fabric,126.84,True,Active
PRT0421,SUP055,CAT001,Fuse Box 659,Aluminum,172.19,False,Active
PRT0422,SUP034,CAT011,Seatbelt Assembly 404,Composite,282.76,False,Active
PRT0423,SUP031,CAT002,Timing Chain 986,Rubber,117.43,False,Active
PRT0424,SUP022,CAT010,Battery Cable 981,Lithium-Ion,280.83,False,Active
PRT0425,SUP045,CAT004,Rear Bumper 924,Fabric,55.5,True,Active
PRT0426,SUP038,CAT009,Blower Motor 431,Copper,98.98,False,Active
PRT0427,SUP053,CAT009,AC Compressor 238,Steel,15.3,False,Obsolete
PRT0428,SUP092,CAT011,Seatbelt Assembly 818,Composite,157.6,False,Active
PRT0429,SUP081,CAT011,Crash Sensor 601,Glass,300.98,True,Active
PRT0430,SUP048,CAT002,Engine Block 512,Foam,22.99,True,Inactive
PRT0431,SUP094,CAT006,Brake Hose 102,Aluminum,12.85,False,Active
PRT0432,SUP069,CAT008,Screw Pack 970,Glass,6.48,True,Active
PRT0433,SUP044,CAT007,Clutch Assembly 606,Fabric,119.71,True,Active
PRT0434,SUP007,CAT010,Cell Connector 907,Steel,237.96,True,Active
PRT0435,SUP021,CAT008,Bolt Set 227,Foam,110.15,False,Active
PRT0436,SUP039,CAT007,Clutch Assembly 805,Plastic,163.28,False,Active
PRT0437,SUP011,CAT005,Control Arm 770,Composite,121.86,False,Active
PRT0438,SUP090,CAT011,Seatbelt Assembly 153,Rubber,32.02,True,Active
PRT0439,SUP076,CAT002,Engine Block 101,Rubber,18.94,True,Active
PRT0440,SUP016,CAT008,Bolt Set 108,Glass,31.68,False,Active
PRT0441,SUP094,CAT008,Bolt Set 334,Aluminum,45.03,False,Active
PRT0442,SUP097,CAT006,Brake Pad Set 240,Plastic,32.26,False,Active
PRT0443,SUP084,CAT011,Seatbelt Assembly 170,Plastic,12.82,True,Active
PRT0444,SUP053,CAT012,Taillight Assembly 743,Lithium-Ion,30.84,False,Active
PRT0445,SUP016,CAT004,Front Bumper 202,Lithium-Ion,11.66,True,Active
PRT0446,SUP032,CAT006,ABS Module 422,Copper,56.58,False,Active
PRT0447,SUP078,CAT004,Grille Assembly 715,Copper,44.4,False,Active
PRT0448,SUP039,CAT012,Headlamp Assembly 968,Rubber,15.61,False,Active
PRT0449,SUP083,CAT009,Blower Motor 865,Steel,21.95,False,Active
PRT0450,SUP064,CAT004,Fender Panel 495,Lithium-Ion,14.19,True,Active
PRT0451,SUP073,CAT001,Sensor Assembly 424,Glass,31.5,True,Active
PRT0452,SUP010,CAT011,Seatbelt Assembly 881,Steel,352.81,True,Active
PRT0453,SUP008,CAT001,Sensor Assembly 320,Glass,15.05,True,Active
PRT0454,SUP011,CAT011,Safety Controller 885,Fabric,203.47,True,Active
PRT0455,SUP066,CAT003,Dashboard Trim 185,Rubber,21.67,False,Obsolete
PRT0456,SUP082,CAT003,Carpet Set 434,Aluminum,17.56,False,Active
PRT0457,SUP015,CAT007,Clutch Assembly 159,Foam,145.13,True,Active
PRT0458,SUP095,CAT001,Sensor Assembly 782,Plastic,14.47,False,Active
PRT0459,SUP064,CAT012,Taillight Assembly 818,Composite,21.27,True,Active
PRT0460,SUP096,CAT012,Fog Lamp 270,Copper,12.7,False,Active
PRT0461,SUP009,CAT002,Engine Block 443,Copper,449.03,False,Active
PRT0462,SUP064,CAT010,Battery Module 608,Lithium-Ion,104.92,True,Active
PRT0463,SUP074,CAT003,Dashboard Trim 891,Aluminum,18.92,True,Active
PRT0464,SUP002,CAT009,AC Compressor 145,Rubber,39.3,False,Active
PRT0465,SUP005,CAT006,ABS Module 253,Fabric,30.27,True,Active
PRT0466,SUP054,CAT012,LED Module 329,Composite,27.75,False,Active
PRT0467,SUP007,CAT002,Fuel Injector 481,Plastic,217.6,True,Active
PRT0468,SUP060,CAT009,AC Compressor 510,Copper,60.7,True,Active
PRT0469,SUP002,CAT005,Suspension Link 188,Composite,21.66,False,Active
PRT0470,SUP076,CAT010,Battery Cable 857,Foam,70.85,True,Obsolete
PRT0471,SUP020,CAT004,Grille Assembly 878,Steel,26.57,False,Inactive
PRT0472,SUP089,CAT001,Wiring Harness 654,Steel,5.25,False,Inactive
PRT0473,SUP040,CAT001,Fuse Box 969,Aluminum,9.85,False,Active
PRT0474,SUP019,CAT004,Fender Panel 603,Copper,98.84,False,Active
PRT0475,SUP048,CAT004,Grille Assembly 522,Foam,123.47,False,Obsolete
PRT0476,SUP051,CAT002,Fuel Injector 197,Aluminum,106.12,True,Active
PRT0477,SUP031,CAT001,Fuse Box 778,Copper,52.52,False,Active
PRT0478,SUP042,CAT006,ABS Module 817,Composite,42.48,False,Active
PRT0479,SUP099,CAT004,Front Bumper 307,Lithium-Ion,388.82,True,Active
PRT0480,SUP069,CAT002,Cylinder Head 560,Composite,261.1,True,Inactive
PRT0481,SUP016,CAT004,Fender Panel 415,Aluminum,29.89,False,Active
PRT0482,SUP028,CAT011,Impact Sensor 946,Composite,58.75,False,Active
PRT0483,SUP007,CAT012,Taillight Assembly 464,Copper,9.16,False,Active
PRT0484,SUP072,CAT003,Door Panel 514,Fabric,38.97,False,Active
PRT0485,SUP016,CAT008,Bolt Set 923,Steel,18.08,False,Active
PRT0486,SUP048,CAT004,Rear Bumper 302,Aluminum,10.61,False,Active
PRT0487,SUP026,CAT005,Control Arm 122,Foam,19.74,False,Active
PRT0488,SUP022,CAT002,Oil Pump 225,Lithium-Ion,47.16,True,Active
PRT0489,SUP088,CAT012,LED Module 608,Glass,127.7,True,Active
PRT0490,SUP020,CAT004,Rear Bumper 381,Steel,67.04,False,Active
PRT0491,SUP071,CAT010,Battery Tray 762,Foam,106.46,True,Active
PRT0492,SUP083,CAT005,Crossmember 240,Fabric,108.2,False,Active
PRT0493,SUP046,CAT009,AC Compressor 491,Foam,35.23,False,Active
PRT0494,SUP050,CAT008,Screw Pack 679,Copper,16.63,False,Active
PRT0495,SUP100,CAT006,Brake Hose 324,Copper,112.0,True,Active
PRT0496,SUP030,CAT008,Retainer Clip 466,Plastic,50.96,False,Active
PRT0497,SUP095,CAT011,Seatbelt Assembly 372,Steel,63.16,True,Active
PRT0498,SUP050,CAT004,Grille Assembly 966,Composite,28.44,False,Inactive
PRT0499,SUP095,CAT003,Seat Frame 342,Composite,16.44,False,Inactive
PRT0500,SUP073,CAT001,Sensor Assembly 681,Rubber,10.95,False,Active
PRT0501,SUP005,CAT008,Retainer Clip 416,Aluminum,69.47,True,Active
PRT0502,SUP079,CAT010,Battery Tray 120,Rubber,305.43,True,Active
PRT0503,SUP042,CAT006,Brake Caliper 921,Steel,10.82,False,Active
PRT0504,SUP047,CAT010,Battery Tray 892,Aluminum,185.92,True,Active
PRT0505,SUP018,CAT011,Crash Sensor 700,Plastic,57.18,True,Active
PRT0506,SUP072,CAT007,Drive Shaft 764,Lithium-Ion,92.45,True,Active
PRT0507,SUP040,CAT004,Grille Assembly 934,Copper,20.62,True,Active
PRT0508,SUP051,CAT012,Headlamp Assembly 818,Lithium-Ion,16.59,False,Active
PRT0509,SUP073,CAT010,Battery Cable 928,Aluminum,91.68,False,Inactive
PRT0510,SUP045,CAT003,Dashboard Trim 863,Composite,17.03,True,Active
PRT0511,SUP089,CAT002,Oil Pump 557,Aluminum,108.08,True,Active
PRT0512,SUP022,CAT002,Engine Block 149,Glass,133.53,True,Active
PRT0513,SUP074,CAT007,Gear Set 659,Rubber,122.7,True,Active
PRT0514,SUP014,CAT002,Engine Block 401,Aluminum,44.59,True,Active
PRT0515,SUP012,CAT007,Clutch Assembly 849,Composite,100.76,True,Active
PRT0516,SUP022,CAT010,Cell Connector 821,Lithium-Ion,292.54,True,Active
PRT0517,SUP025,CAT003,Door Panel 203,Glass,49.44,False,Active
PRT0518,SUP039,CAT012,Light Housing 371,Rubber,15.15,False,Active
PRT0519,SUP047,CAT007,Torque Converter 662,Steel,88.22,False,Active
PRT0520,SUP004,CAT005,Stabilizer Bar 591,Rubber,60.41,True,Active
PRT0521,SUP040,CAT005,Control Arm 584,Glass,8.71,False,Active
PRT0522,SUP048,CAT011,Impact Sensor 193,Glass,161.77,True,Active
PRT0523,SUP034,CAT008,Bolt Set 369,Rubber,19.49,False,Active
PRT0524,SUP011,CAT010,Battery Module 254,Composite,209.21,False,Active
PRT0525,SUP067,CAT007,Torque Converter 332,Glass,81.31,True,Inactive
PRT0526,SUP011,CAT011,Crash Sensor 686,Glass,26.81,False,Inactive
PRT0527,SUP067,CAT012,Headlamp Assembly 614,Lithium-Ion,9.01,False,Active
PRT0528,SUP022,CAT010,Battery Tray 223,Rubber,115.17,False,Active
PRT0529,SUP088,CAT003,Door Panel 533,Glass,40.76,True,Active
PRT0530,SUP094,CAT011,Seatbelt Assembly 954,Aluminum,47.53,True,Active
PRT0531,SUP036,CAT009,Heater Core 665,Fabric,55.2,False,Active
PRT0532,SUP054,CAT001,Control Unit 701,Aluminum,8.77,False,Active
PRT0533,SUP013,CAT003,Carpet Set 702,Aluminum,31.41,False,Active
PRT0534,SUP053,CAT002,Oil Pump 988,Copper,38.11,True,Active
PRT0535,SUP023,CAT008,Retainer Clip 723,Copper,19.66,False,Active
PRT0536,SUP043,CAT010,Cooling Plate 797,Rubber,72.8,True,Active
PRT0537,SUP039,CAT008,Screw Pack 481,Copper,16.64,True,Active
PRT0538,SUP039,CAT008,Bolt Set 989,Foam,24.35,False,Active
PRT0539,SUP083,CAT006,Brake Pad Set 846,Aluminum,74.07,False,Active
PRT0540,SUP067,CAT004,Fender Panel 858,Composite,20.87,False,Active
PRT0541,SUP065,CAT009,Blower Motor 167,Glass,64.62,False,Active
PRT0542,SUP026,CAT009,Air Duct 129,Steel,13.41,True,Active
PRT0543,SUP036,CAT008,Bolt Set 469,Composite,50.59,False,Active
PRT0544,SUP088,CAT009,Heater Core 750,Steel,104.93,False,Active
PRT0545,SUP061,CAT008,Retainer Clip 556,Lithium-Ion,4.58,True,Active
PRT0546,SUP096,CAT006,Brake Caliper 957,Aluminum,17.5,False,Active
PRT0547,SUP028,CAT007,Transmission Case 266,Rubber,228.0,False,Active
PRT0548,SUP100,CAT011,Seatbelt Assembly 375,Steel,99.65,True,Active
PRT0549,SUP029,CAT003,Seat Frame 715,Copper,44.56,False,Active
PRT0550,SUP045,CAT005,Suspension Link 533,Foam,20.43,False,Active
PRT0551,SUP080,CAT008,Screw Pack 793,Glass,35.49,False,Active
PRT0552,SUP048,CAT001,Control Unit 778,Fabric,29.24,False,Active
PRT0553,SUP044,CAT010,Battery Cable 405,Copper,290.4,True,Active
PRT0554,SUP084,CAT005,Suspension Link 771,Copper,40.59,False,Active
PRT0555,SUP077,CAT009,Blower Motor 158,Glass,43.38,False,Active
PRT0556,SUP038,CAT011,Seatbelt Assembly 838,Copper,83.18,True,Inactive
PRT0557,SUP074,CAT007,Drive Shaft 854,Rubber,92.46,True,Active
PRT0558,SUP061,CAT012,Taillight Assembly 802,Composite,23.43,False,Active
PRT0559,SUP061,CAT003,Carpet Set 285,Plastic,45.4,False,Active
PRT0560,SUP088,CAT012,Light Housing 881,Composite,23.65,False,Active
PRT0561,SUP040,CAT004,Side Mirror 328,Glass,41.76,False,Active
PRT0562,SUP060,CAT006,Brake Pad Set 366,Aluminum,174.22,False,Active
PRT0563,SUP025,CAT011,Safety Controller 694,Fabric,147.16,False,Active
PRT0564,SUP020,CAT011,Crash Sensor 642,Plastic,55.16,True,Obsolete
PRT0565,SUP059,CAT006,ABS Module 683,Plastic,86.57,False,Active
PRT0566,SUP043,CAT012,Taillight Assembly 897,Plastic,23.89,True,Active
PRT0567,SUP098,CAT001,ECU Module 562,Plastic,6.49,False,Active
PRT0568,SUP012,CAT003,Center Console 904,Plastic,14.78,False,Active
PRT0569,SUP001,CAT011,Crash Sensor 513,Steel,25.43,True,Active
PRT0570,SUP097,CAT012,Fog Lamp 114,Fabric,25.0,False,Active
PRT0571,SUP045,CAT011,Airbag Module 741,Copper,90.03,False,Active
PRT0572,SUP006,CAT007,Torque Converter 702,Copper,278.02,True,Inactive
PRT0573,SUP056,CAT008,Retainer Clip 710,Plastic,43.01,False,Active
PRT0574,SUP052,CAT008,Screw Pack 868,Steel,27.79,True,Active
PRT0575,SUP076,CAT012,Taillight Assembly 316,Fabric,64.3,False,Active
PRT0576,SUP033,CAT006,Brake Rotor 484,Fabric,5.65,False,Active
PRT0577,SUP007,CAT010,Battery Module 777,Aluminum,180.24,True,Active
PRT0578,SUP027,CAT007,Transmission Case 660,Steel,251.92,True,Active
PRT0579,SUP090,CAT011,Airbag Module 778,Plastic,39.26,True,Active
PRT0580,SUP014,CAT002,Fuel Injector 836,Foam,235.48,True,Active
PRT0581,SUP026,CAT004,Side Mirror 951,Composite,43.41,False,Active
PRT0582,SUP027,CAT005,Subframe 140,Foam,23.75,False,Active
PRT0583,SUP015,CAT001,ECU Module 787,Lithium-Ion,54.94,True,Active
PRT0584,SUP093,CAT003,Door Panel 898,Aluminum,203.68,False,Inactive
PRT0585,SUP060,CAT011,Seatbelt Assembly 567,Steel,110.61,False,Active
PRT0586,SUP087,CAT003,Door Panel 972,Composite,40.39,False,Active
PRT0587,SUP018,CAT002,Engine Block 971,Plastic,49.02,False,Active
PRT0588,SUP012,CAT008,Retainer Clip 374,Composite,16.78,False,Active
PRT0589,SUP059,CAT003,Door Panel 510,Copper,64.35,False,Active
PRT0590,SUP022,CAT012,LED Module 919,Aluminum,16.7,False,Active
PRT0591,SUP054,CAT012,Headlamp Assembly 964,Lithium-Ion,35.07,True,Active
PRT0592,SUP079,CAT010,Cell Connector 285,Steel,98.03,True,Active
PRT0593,SUP015,CAT012,Taillight Assembly 594,Glass,48.58,False,Active
PRT0594,SUP087,CAT002,Oil Pump 770,Fabric,177.92,True,Active
PRT0595,SUP044,CAT010,Cooling Plate 329,Fabric,304.52,False,Active
PRT0596,SUP094,CAT012,Light Housing 197,Rubber,22.02,False,Active
PRT0597,SUP079,CAT011,Crash Sensor 252,Steel,98.05,False,Active
PRT0598,SUP064,CAT003,Carpet Set 969,Plastic,15.13,False,Active
PRT0599,SUP036,CAT008,Screw Pack 346,Steel,23.21,False,Active
PRT0600,SUP011,CAT009,Heater Core 512,Foam,44.78,False,Active
PRT0601,SUP016,CAT010,Cell Connector 190,Foam,202.74,False,Active
PRT0602,SUP072,CAT001,ECU Module 513,Fabric,15.84,False,Active
PRT0603,SUP072,CAT002,Fuel Injector 733,Rubber,310.11,True,Active
PRT0604,SUP029,CAT008,Screw Pack 472,Foam,97.96,False,Active
PRT0605,SUP058,CAT010,Cooling Plate 584,Aluminum,142.44,False,Active
PRT0606,SUP038,CAT011,Seatbelt Assembly 102,Fabric,667.3,True,Active
PRT0607,SUP064,CAT012,Headlamp Assembly 146,Plastic,17.83,False,Active
PRT0608,SUP026,CAT012,LED Module 209,Rubber,12.23,False,Active
PRT0609,SUP044,CAT007,Clutch Assembly 568,Aluminum,20.52,False,Active
PRT0610,SUP058,CAT001,Control Unit 226,Foam,109.6,False,Active
PRT0611,SUP095,CAT009,Blower Motor 610,Steel,55.9,True,Active
PRT0612,SUP023,CAT007,Torque Converter 594,Lithium-Ion,137.59,False,Active
PRT0613,SUP078,CAT003,Door Panel 496,Composite,41.43,False,Active
PRT0614,SUP036,CAT007,Drive Shaft 723,Glass,57.7,False,Inactive
PRT0615,SUP053,CAT005,Crossmember 924,Lithium-Ion,234.3,True,Active
PRT0616,SUP071,CAT012,Light Housing 406,Composite,36.72,False,Active
PRT0617,SUP092,CAT009,Blower Motor 305,Copper,36.14,False,Active
PRT0618,SUP065,CAT011,Seatbelt Assembly 827,Fabric,288.5,True,Active
PRT0619,SUP062,CAT006,Brake Rotor 879,Lithium-Ion,48.66,False,Active
PRT0620,SUP037,CAT011,Crash Sensor 790,Glass,179.2,False,Active
PRT0621,SUP007,CAT009,AC Compressor 125,Steel,17.6,False,Active
PRT0622,SUP008,CAT003,Dashboard Trim 799,Copper,48.29,False,Active
PRT0623,SUP014,CAT009,AC Compressor 467,Lithium-Ion,149.25,False,Active
PRT0624,SUP083,CAT012,Light Housing 985,Fabric,97.16,False,Active
PRT0625,SUP049,CAT009,Evaporator Core 809,Glass,118.46,False,Active
PRT0626,SUP026,CAT011,Impact Sensor 665,Lithium-Ion,93.08,True,Active
PRT0627,SUP083,CAT008,Clip Set 748,Composite,15.0,False,Active
PRT0628,SUP025,CAT009,Air Duct 301,Copper,29.95,False,Active
PRT0629,SUP016,CAT011,Airbag Module 291,Glass,145.63,False,Active
PRT0630,SUP075,CAT005,Stabilizer Bar 370,Copper,79.47,True,Active
PRT0631,SUP042,CAT008,Clip Set 140,Lithium-Ion,8.55,True,Active
PRT0632,SUP074,CAT011,Safety Controller 963,Fabric,390.84,True,Active
PRT0633,SUP024,CAT012,Fog Lamp 638,Fabric,29.18,False,Active
PRT0634,SUP052,CAT009,Blower Motor 525,Aluminum,23.54,False,Active
PRT0635,SUP028,CAT004,Side Mirror 439,Lithium-Ion,14.74,False,Active
PRT0636,SUP058,CAT009,AC Compressor 217,Rubber,8.81,False,Inactive
PRT0637,SUP042,CAT010,Cooling Plate 349,Glass,258.97,False,Inactive
PRT0638,SUP067,CAT002,Timing Chain 362,Composite,100.04,True,Active
PRT0639,SUP084,CAT009,Heater Core 598,Rubber,11.8,True,Active
PRT0640,SUP069,CAT002,Engine Block 271,Steel,50.76,False,Active
PRT0641,SUP014,CAT004,Rear Bumper 985,Rubber,25.31,False,Active
PRT0642,SUP010,CAT012,LED Module 762,Plastic,125.87,False,Active
PRT0643,SUP007,CAT012,Fog Lamp 138,Plastic,26.91,True,Active
PRT0644,SUP034,CAT009,AC Compressor 688,Glass,9.95,False,Active
PRT0645,SUP016,CAT011,Crash Sensor 543,Fabric,86.22,True,Active
PRT0646,SUP075,CAT012,Light Housing 164,Steel,26.62,False,Active
PRT0647,SUP039,CAT002,Oil Pump 614,Lithium-Ion,16.7,True,Active
PRT0648,SUP004,CAT008,Washer Kit 504,Foam,31.71,False,Active
PRT0649,SUP070,CAT004,Rear Bumper 864,Copper,27.53,False,Inactive
PRT0650,SUP094,CAT003,Dashboard Trim 793,Composite,57.8,False,Inactive
PRT0651,SUP016,CAT001,Control Unit 995,Steel,145.35,False,Active
PRT0652,SUP027,CAT010,Cell Connector 650,Composite,183.93,True,Active
PRT0653,SUP033,CAT011,Safety Controller 245,Rubber,71.11,True,Active
PRT0654,SUP071,CAT011,Safety Controller 972,Foam,58.1,True,Active
PRT0655,SUP093,CAT002,Oil Pump 787,Lithium-Ion,595.4,True,Active
PRT0656,SUP031,CAT006,Brake Pad Set 231,Aluminum,34.72,False,Active
PRT0657,SUP085,CAT002,Cylinder Head 425,Copper,99.97,True,Active
PRT0658,SUP041,CAT003,Carpet Set 680,Glass,32.48,False,Active
PRT0659,SUP095,CAT006,Brake Caliper 904,Glass,38.8,False,Active
PRT0660,SUP062,CAT006,Brake Caliper 795,Foam,29.5,False,Active
PRT0661,SUP083,CAT005,Crossmember 664,Lithium-Ion,20.93,True,Active
PRT0662,SUP094,CAT005,Subframe 651,Aluminum,21.38,True,Active
PRT0663,SUP075,CAT001,Control Unit 746,Lithium-Ion,32.26,True,Active
PRT0664,SUP070,CAT010,Battery Tray 137,Foam,77.84,True,Active
PRT0665,SUP099,CAT003,Dashboard Trim 501,Lithium-Ion,18.72,False,Active
PRT0666,SUP012,CAT005,Subframe 575,Glass,36.06,False,Active
PRT0667,SUP079,CAT001,Wiring Harness 968,Plastic,27.0,False,Active
PRT0668,SUP073,CAT003,Center Console 263,Plastic,110.3,True,Active
PRT0669,SUP063,CAT008,Screw Pack 141,Rubber,3.97,False,Active
PRT0670,SUP067,CAT006,Brake Caliper 143,Composite,79.3,False,Active
PRT0671,SUP042,CAT008,Bolt Set 140,Aluminum,89.74,False,Active
PRT0672,SUP075,CAT009,Evaporator Core 954,Fabric,6.3,False,Active
PRT0673,SUP010,CAT007,Drive Shaft 474,Fabric,118.17,True,Active
PRT0674,SUP045,CAT004,Grille Assembly 515,Foam,24.6,False,Active
PRT0675,SUP030,CAT010,Battery Module 613,Aluminum,35.65,False,Active
PRT0676,SUP047,CAT005,Subframe 253,Lithium-Ion,17.77,True,Active
PRT0677,SUP062,CAT002,Cylinder Head 524,Foam,56.67,False,Active
PRT0678,SUP006,CAT010,Battery Tray 762,Plastic,278.12,False,Active
PRT0679,SUP074,CAT003,Seat Frame 744,Plastic,70.0,False,Active
PRT0680,SUP077,CAT005,Subframe 629,Lithium-Ion,91.58,False,Active
PRT0681,SUP078,CAT012,Fog Lamp 187,Foam,58.99,False,Active
PRT0682,SUP019,CAT003,Seat Frame 950,Lithium-Ion,13.42,False,Active
PRT0683,SUP022,CAT003,Carpet Set 775,Composite,21.77,False,Inactive
PRT0684,SUP014,CAT010,Cooling Plate 170,Steel,154.6,True,Active
PRT0685,SUP013,CAT009,Heater Core 946,Plastic,12.46,True,Active
PRT0686,SUP097,CAT010,Cooling Plate 139,Aluminum,210.55,False,Active
PRT0687,SUP100,CAT011,Seatbelt Assembly 717,Glass,54.74,True,Active
PRT0688,SUP030,CAT006,Brake Rotor 814,Foam,24.54,False,Active
PRT0689,SUP090,CAT007,Gear Set 703,Lithium-Ion,276.23,False,Active
PRT0690,SUP011,CAT003,Dashboard Trim 588,Copper,47.25,False,Active
PRT0691,SUP091,CAT009,Heater Core 363,Steel,24.81,True,Active
PRT0692,SUP041,CAT002,Fuel Injector 107,Glass,219.03,True,Active
PRT0693,SUP034,CAT003,Center Console 767,Fabric,13.95,False,Active
PRT0694,SUP051,CAT006,Brake Hose 382,Rubber,54.2,False,Active
PRT0695,SUP072,CAT009,Heater Core 283,Foam,53.22,False,Active
PRT0696,SUP051,CAT005,Stabilizer Bar 452,Plastic,25.85,False,Active
PRT0697,SUP021,CAT011,Airbag Module 865,Aluminum,186.98,True,Active
PRT0698,SUP091,CAT007,Gear Set 920,Steel,49.79,True,Active
PRT0699,SUP077,CAT011,Airbag Module 923,Glass,168.94,True,Active
PRT0700,SUP005,CAT005,Subframe 479,Glass,28.56,True,Inactive
PRT0701,SUP077,CAT007,Torque Converter 771,Steel,90.14,True,Inactive
PRT0702,SUP085,CAT003,Center Console 549,Fabric,76.65,True,Active
PRT0703,SUP030,CAT001,Control Unit 622,Lithium-Ion,18.85,False,Active
PRT0704,SUP021,CAT001,Sensor Assembly 344,Aluminum,10.73,False,Obsolete
PRT0705,SUP067,CAT007,Gear Set 785,Steel,35.82,True,Active
PRT0706,SUP075,CAT002,Engine Block 662,Composite,241.39,True,Active
PRT0707,SUP059,CAT005,Subframe 720,Glass,11.89,False,Active
PRT0708,SUP072,CAT005,Subframe 516,Aluminum,134.81,False,Active
PRT0709,SUP033,CAT006,Brake Rotor 922,Fabric,6.26,False,Active
PRT0710,SUP062,CAT010,Battery Cable 810,Rubber,402.87,True,Active
PRT0711,SUP062,CAT008,Washer Kit 700,Aluminum,39.21,False,Active
PRT0712,SUP053,CAT007,Clutch Assembly 793,Composite,134.87,False,Active
PRT0713,SUP052,CAT001,Sensor Assembly 354,Composite,21.41,False,Active
PRT0714,SUP074,CAT003,Center Console 421,Copper,45.57,False,Active
PRT0715,SUP031,CAT012,Taillight Assembly 610,Rubber,32.13,False,Active
PRT0716,SUP080,CAT004,Rear Bumper 307,Composite,80.05,False,Active
PRT0717,SUP079,CAT002,Engine Block 180,Steel,144.77,True,Active
PRT0718,SUP080,CAT009,AC Compressor 968,Composite,37.35,False,Active
PRT0719,SUP066,CAT010,Battery Cable 602,Copper,106.29,True,Active
PRT0720,SUP070,CAT010,Battery Tray 155,Steel,103.45,True,Active
PRT0721,SUP059,CAT007,Clutch Assembly 568,Composite,173.45,False,Active
PRT0722,SUP042,CAT001,Wiring Harness 488,Composite,8.43,False,Active
PRT0723,SUP035,CAT005,Subframe 661,Foam,11.26,False,Inactive
PRT0724,SUP027,CAT006,Brake Pad Set 288,Glass,60.02,False,Active
PRT0725,SUP058,CAT006,Brake Pad Set 974,Plastic,37.97,False,Active
PRT0726,SUP031,CAT010,Battery Tray 933,Fabric,80.31,True,Active
PRT0727,SUP061,CAT007,Clutch Assembly 249,Steel,141.69,False,Active
PRT0728,SUP069,CAT008,Clip Set 969,Composite,43.73,False,Active
PRT0729,SUP007,CAT005,Suspension Link 675,Glass,21.5,False,Active
PRT0730,SUP061,CAT003,Door Panel 320,Aluminum,17.77,False,Active
PRT0731,SUP072,CAT006,Brake Pad Set 469,Copper,38.73,False,Active
PRT0732,SUP026,CAT007,Transmission Case 459,Lithium-Ion,74.02,False,Active
PRT0733,SUP042,CAT011,Safety Controller 278,Fabric,131.02,False,Active
PRT0734,SUP037,CAT012,LED Module 180,Foam,8.48,False,Active
PRT0735,SUP044,CAT003,Seat Frame 755,Glass,75.44,False,Active
PRT0736,SUP044,CAT010,Cell Connector 969,Rubber,108.13,False,Active
PRT0737,SUP035,CAT011,Impact Sensor 827,Foam,159.88,True,Active
PRT0738,SUP053,CAT006,Brake Hose 633,Plastic,72.69,False,Active
PRT0739,SUP033,CAT001,Wiring Harness 845,Aluminum,125.51,False,Active
PRT0740,SUP071,CAT007,Transmission Case 197,Steel,345.62,True,Active
PRT0741,SUP080,CAT007,Torque Converter 883,Plastic,17.55,False,Active
PRT0742,SUP081,CAT007,Gear Set 334,Plastic,33.95,True,Active
PRT0743,SUP042,CAT003,Door Panel 135,Foam,20.09,False,Active
PRT0744,SUP090,CAT009,Evaporator Core 661,Fabric,33.81,False,Active
PRT0745,SUP056,CAT010,Cell Connector 746,Fabric,232.1,False,Active
PRT0746,SUP030,CAT009,Evaporator Core 455,Aluminum,18.53,False,Active
PRT0747,SUP002,CAT006,ABS Module 366,Steel,38.45,True,Active
PRT0748,SUP002,CAT003,Dashboard Trim 393,Foam,18.1,False,Inactive
PRT0749,SUP038,CAT008,Screw Pack 109,Lithium-Ion,20.3,False,Active
PRT0750,SUP072,CAT001,Control Unit 482,Glass,10.75,True,Active
PRT0751,SUP034,CAT003,Center Console 948,Aluminum,15.82,False,Active
PRT0752,SUP079,CAT004,Grille Assembly 882,Copper,11.23,False,Active
PRT0753,SUP025,CAT012,Light Housing 928,Aluminum,15.17,False,Active
PRT0754,SUP058,CAT005,Control Arm 752,Copper,76.93,False,Active
PRT0755,SUP007,CAT008,Clip Set 428,Fabric,15.49,True,Active
PRT0756,SUP002,CAT002,Oil Pump 375,Rubber,901.85,True,Active
PRT0757,SUP040,CAT001,Fuse Box 322,Foam,49.14,False,Obsolete
PRT0758,SUP097,CAT008,Bolt Set 438,Plastic,38.39,True,Active
PRT0759,SUP033,CAT007,Transmission Case 656,Glass,42.95,True,Active
PRT0760,SUP095,CAT002,Cylinder Head 494,Steel,193.04,False,Active
PRT0761,SUP027,CAT012,Headlamp Assembly 633,Foam,20.89,False,Active
PRT0762,SUP006,CAT005,Suspension Link 262,Fabric,36.51,False,Active
PRT0763,SUP047,CAT005,Crossmember 753,Steel,256.74,False,Active
PRT0764,SUP042,CAT004,Front Bumper 341,Steel,30.67,False,Active
PRT0765,SUP032,CAT005,Stabilizer Bar 222,Steel,83.05,False,Inactive
PRT0766,SUP012,CAT010,Cell Connector 804,Rubber,58.76,True,Active
PRT0767,SUP081,CAT002,Fuel Injector 446,Steel,160.71,False,Active
PRT0768,SUP063,CAT011,Seatbelt Assembly 818,Rubber,317.07,True,Active
PRT0769,SUP094,CAT009,Evaporator Core 924,Rubber,20.05,False,Active
PRT0770,SUP063,CAT007,Gear Set 841,Foam,662.93,True,Active
PRT0771,SUP070,CAT009,Heater Core 294,Composite,58.33,False,Active
PRT0772,SUP071,CAT008,Screw Pack 988,Plastic,21.12,False,Active
PRT0773,SUP070,CAT003,Center Console 402,Composite,54.92,False,Active
PRT0774,SUP080,CAT011,Safety Controller 488,Composite,335.18,False,Active
PRT0775,SUP069,CAT004,Side Mirror 838,Glass,54.46,True,Active
PRT0776,SUP042,CAT011,Crash Sensor 884,Glass,36.2,True,Active
PRT0777,SUP017,CAT002,Engine Block 635,Plastic,39.45,True,Active
PRT0778,SUP005,CAT004,Front Bumper 597,Lithium-Ion,27.17,True,Active
PRT0779,SUP007,CAT007,Drive Shaft 638,Composite,117.65,True,Active
PRT0780,SUP027,CAT012,Headlamp Assembly 113,Foam,54.41,False,Inactive
PRT0781,SUP096,CAT002,Timing Chain 920,Glass,117.67,True,Active
PRT0782,SUP068,CAT012,Headlamp Assembly 943,Steel,11.38,False,Active
PRT0783,SUP013,CAT005,Control Arm 321,Aluminum,44.89,False,Active
PRT0784,SUP085,CAT009,Heater Core 294,Rubber,53.97,True,Active
PRT0785,SUP096,CAT003,Carpet Set 867,Aluminum,51.82,False,Active
PRT0786,SUP014,CAT010,Battery Cable 790,Plastic,314.14,True,Active
PRT0787,SUP021,CAT009,Heater Core 616,Fabric,64.53,False,Obsolete
PRT0788,SUP042,CAT008,Screw Pack 422,Composite,47.82,False,Active
PRT0789,SUP073,CAT011,Crash Sensor 945,Fabric,119.77,False,Active
PRT0790,SUP058,CAT009,Evaporator Core 468,Glass,8.77,False,Active
PRT0791,SUP018,CAT001,Sensor Assembly 710,Copper,46.7,True,Active
PRT0792,SUP099,CAT004,Rear Bumper 976,Copper,39.1,False,Inactive
PRT0793,SUP020,CAT009,Air Duct 684,Aluminum,41.15,False,Active
PRT0794,SUP075,CAT006,Brake Caliper 241,Rubber,11.92,False,Active
PRT0795,SUP028,CAT005,Control Arm 684,Aluminum,13.95,False,Active
PRT0796,SUP089,CAT008,Clip Set 599,Lithium-Ion,76.9,False,Active
PRT0797,SUP074,CAT002,Fuel Injector 757,Glass,134.49,True,Active
PRT0798,SUP056,CAT001,Sensor Assembly 456,Glass,57.12,False,Inactive
PRT0799,SUP002,CAT002,Cylinder Head 865,Glass,128.94,True,Active
PRT0800,SUP020,CAT009,AC Compressor 426,Composite,33.91,False,Active
PRT0801,SUP051,CAT004,Rear Bumper 151,Foam,70.15,False,Active
PRT0802,SUP051,CAT010,Cooling Plate 192,Plastic,62.87,True,Active
PRT0803,SUP034,CAT002,Timing Chain 685,Aluminum,130.33,False,Active
PRT0804,SUP063,CAT007,Clutch Assembly 880,Glass,84.15,True,Active
PRT0805,SUP068,CAT004,Grille Assembly 730,Rubber,23.39,False,Active
PRT0806,SUP074,CAT005,Crossmember 431,Aluminum,25.86,False,Active
PRT0807,SUP077,CAT007,Drive Shaft 474,Steel,117.19,True,Active
PRT0808,SUP057,CAT003,Dashboard Trim 731,Lithium-Ion,22.58,False,Active
PRT0809,SUP020,CAT001,Wiring Harness 304,Aluminum,90.43,False,Active
PRT0810,SUP037,CAT001,Wiring Harness 735,Steel,16.19,False,Active
PRT0811,SUP095,CAT002,Oil Pump 560,Fabric,85.44,True,Active
PRT0812,SUP062,CAT009,Air Duct 868,Lithium-Ion,23.29,False,Active
PRT0813,SUP085,CAT003,Door Panel 485,Fabric,105.38,False,Active
PRT0814,SUP090,CAT003,Door Panel 390,Lithium-Ion,38.75,False,Active
PRT0815,SUP035,CAT008,Bolt Set 168,Composite,75.6,False,Active
PRT0816,SUP050,CAT001,Sensor Assembly 988,Rubber,10.09,False,Obsolete
PRT0817,SUP077,CAT009,AC Compressor 423,Fabric,41.0,False,Active
PRT0818,SUP092,CAT004,Grille Assembly 568,Steel,67.47,False,Active
PRT0819,SUP096,CAT009,Evaporator Core 441,Plastic,35.37,False,Active
PRT0820,SUP065,CAT011,Impact Sensor 463,Copper,210.35,True,Active
PRT0821,SUP004,CAT011,Impact Sensor 999,Fabric,109.45,True,Inactive
PRT0822,SUP085,CAT004,Rear Bumper 449,Plastic,102.26,False,Active
PRT0823,SUP030,CAT007,Torque Converter 794,Glass,807.61,True,Active
PRT0824,SUP043,CAT003,Center Console 419,Foam,24.77,False,Active
PRT0825,SUP026,CAT004,Rear Bumper 694,Plastic,23.19,False,Active
PRT0826,SUP099,CAT012,Light Housing 238,Plastic,105.92,False,Active
PRT0827,SUP093,CAT010,Battery Tray 425,Aluminum,421.68,True,Active
PRT0828,SUP053,CAT003,Door Panel 883,Glass,21.8,False,Active
PRT0829,SUP014,CAT012,Fog Lamp 255,Plastic,23.66,False,Active
PRT0830,SUP077,CAT010,Cooling Plate 373,Rubber,101.41,True,Active
PRT0831,SUP062,CAT001,Sensor Assembly 181,Plastic,11.3,False,Active
PRT0832,SUP050,CAT010,Cell Connector 829,Foam,40.52,True,Active
PRT0833,SUP098,CAT003,Seat Frame 331,Steel,14.83,True,Inactive
PRT0834,SUP027,CAT007,Clutch Assembly 860,Aluminum,46.74,True,Active
PRT0835,SUP059,CAT008,Retainer Clip 601,Rubber,32.21,False,Active
PRT0836,SUP093,CAT001,Control Unit 852,Composite,39.94,False,Active
PRT0837,SUP083,CAT012,Light Housing 708,Steel,114.48,False,Active
PRT0838,SUP032,CAT008,Washer Kit 946,Fabric,14.9,False,Active
PRT0839,SUP098,CAT012,Headlamp Assembly 671,Steel,72.78,False,Active
PRT0840,SUP037,CAT008,Washer Kit 411,Foam,27.91,False,Active
PRT0841,SUP019,CAT005,Stabilizer Bar 155,Foam,31.83,False,Active
PRT0842,SUP024,CAT008,Bolt Set 839,Lithium-Ion,56.82,False,Inactive
PRT0843,SUP042,CAT012,Light Housing 238,Foam,13.49,False,Active
PRT0844,SUP059,CAT008,Retainer Clip 829,Aluminum,44.97,False,Active
PRT0845,SUP012,CAT012,Taillight Assembly 835,Aluminum,37.83,False,Active
PRT0846,SUP066,CAT011,Impact Sensor 187,Lithium-Ion,154.81,True,Inactive
PRT0847,SUP043,CAT007,Torque Converter 489,Lithium-Ion,104.85,True,Active
PRT0848,SUP099,CAT003,Seat Frame 989,Steel,236.1,True,Active
PRT0849,SUP016,CAT005,Crossmember 395,Plastic,19.88,False,Inactive
PRT0850,SUP059,CAT001,Control Unit 883,Foam,21.65,False,Active
PRT0851,SUP031,CAT009,AC Compressor 722,Rubber,20.12,False,Active
PRT0852,SUP077,CAT008,Washer Kit 519,Lithium-Ion,21.23,False,Active
PRT0853,SUP027,CAT009,Evaporator Core 734,Steel,19.89,False,Active
PRT0854,SUP005,CAT001,Sensor Assembly 137,Lithium-Ion,85.73,True,Active
PRT0855,SUP054,CAT005,Suspension Link 189,Plastic,103.17,True,Active
PRT0856,SUP077,CAT005,Stabilizer Bar 776,Lithium-Ion,20.98,False,Active
PRT0857,SUP005,CAT003,Center Console 867,Aluminum,17.02,False,Active
PRT0858,SUP098,CAT006,Brake Pad Set 488,Glass,48.29,False,Active
PRT0859,SUP036,CAT002,Oil Pump 582,Composite,86.95,True,Active
PRT0860,SUP008,CAT009,Blower Motor 812,Aluminum,54.95,False,Active
PRT0861,SUP091,CAT011,Safety Controller 189,Copper,158.37,True,Active
PRT0862,SUP080,CAT006,Brake Pad Set 638,Composite,9.85,False,Inactive
PRT0863,SUP064,CAT010,Cooling Plate 608,Plastic,444.91,True,Active
PRT0864,SUP004,CAT004,Side Mirror 298,Foam,139.31,True,Active
PRT0865,SUP006,CAT002,Cylinder Head 918,Composite,65.79,True,Active
PRT0866,SUP033,CAT011,Seatbelt Assembly 111,Aluminum,98.82,True,Active
PRT0867,SUP015,CAT009,Air Duct 431,Composite,41.62,False,Active
PRT0868,SUP023,CAT012,Light Housing 730,Rubber,43.27,False,Active
PRT0869,SUP083,CAT006,ABS Module 585,Plastic,56.08,False,Active
PRT0870,SUP053,CAT011,Crash Sensor 985,Steel,496.99,True,Active
PRT0871,SUP072,CAT005,Stabilizer Bar 842,Fabric,28.74,False,Active
PRT0872,SUP009,CAT010,Battery Cable 918,Plastic,76.73,False,Active
PRT0873,SUP022,CAT001,Sensor Assembly 484,Lithium-Ion,10.99,False,Active
PRT0874,SUP097,CAT003,Carpet Set 219,Copper,18.45,False,Active
PRT0875,SUP064,CAT006,Brake Rotor 378,Rubber,32.25,False,Active
PRT0876,SUP015,CAT005,Subframe 637,Composite,139.16,False,Active
PRT0877,SUP062,CAT004,Front Bumper 554,Fabric,21.89,False,Active
PRT0878,SUP040,CAT006,ABS Module 850,Composite,39.61,False,Active
PRT0879,SUP005,CAT002,Fuel Injector 792,Foam,85.48,False,Active
PRT0880,SUP006,CAT009,AC Compressor 104,Lithium-Ion,85.69,False,Active
PRT0881,SUP099,CAT006,ABS Module 147,Copper,250.02,True,Active
PRT0882,SUP037,CAT005,Subframe 428,Copper,21.66,False,Active
PRT0883,SUP036,CAT008,Bolt Set 379,Aluminum,22.39,True,Active
PRT0884,SUP071,CAT010,Cooling Plate 626,Composite,276.97,True,Active
PRT0885,SUP010,CAT012,Fog Lamp 687,Copper,57.14,False,Active
PRT0886,SUP004,CAT006,Brake Hose 554,Foam,145.09,True,Inactive
PRT0887,SUP055,CAT001,ECU Module 492,Glass,52.83,True,Active
PRT0888,SUP079,CAT010,Cooling Plate 744,Composite,101.8,False,Active
PRT0889,SUP097,CAT004,Grille Assembly 180,Foam,53.12,False,Active
PRT0890,SUP091,CAT002,Timing Chain 199,Foam,325.9,True,Active
PRT0891,SUP034,CAT004,Rear Bumper 981,Composite,63.84,False,Active
PRT0892,SUP042,CAT012,Fog Lamp 907,Foam,49.69,False,Active
PRT0893,SUP022,CAT002,Timing Chain 215,Copper,263.05,True,Active
PRT0894,SUP092,CAT010,Cooling Plate 230,Aluminum,271.49,True,Active
PRT0895,SUP076,CAT011,Airbag Module 911,Glass,338.5,True,Active
PRT0896,SUP050,CAT004,Grille Assembly 262,Aluminum,55.64,False,Active
PRT0897,SUP056,CAT012,Light Housing 541,Lithium-Ion,28.97,False,Active
PRT0898,SUP010,CAT009,Blower Motor 277,Lithium-Ion,37.24,False,Active
PRT0899,SUP057,CAT002,Fuel Injector 710,Plastic,318.66,True,Active
PRT0900,SUP099,CAT007,Transmission Case 712,Glass,76.54,True,Active
PRT0901,SUP075,CAT011,Airbag Module 192,Steel,107.5,True,Active
PRT0902,SUP074,CAT011,Seatbelt Assembly 563,Foam,76.65,True,Active
PRT0903,SUP039,CAT011,Impact Sensor 406,Glass,160.63,True,Active
PRT0904,SUP066,CAT006,Brake Rotor 696,Glass,92.09,True,Active
PRT0905,SUP007,CAT005,Control Arm 478,Steel,38.59,False,Active
PRT0906,SUP004,CAT006,Brake Rotor 981,Rubber,34.37,False,Active
PRT0907,SUP049,CAT010,Cell Connector 740,Glass,35.14,True,Active
PRT0908,SUP047,CAT011,Seatbelt Assembly 586,Glass,220.56,True,Active
PRT0909,SUP019,CAT011,Seatbelt Assembly 237,Foam,218.96,True,Active
PRT0910,SUP054,CAT003,Door Panel 240,Foam,186.91,False,Active
PRT0911,SUP059,CAT012,Light Housing 535,Fabric,25.89,False,Active
PRT0912,SUP055,CAT008,Washer Kit 463,Lithium-Ion,39.46,False,Active
PRT0913,SUP053,CAT008,Clip Set 829,Fabric,40.43,False,Active
PRT0914,SUP048,CAT001,ECU Module 681,Aluminum,116.98,False,Active
PRT0915,SUP068,CAT012,Headlamp Assembly 245,Copper,30.68,False,Active
PRT0916,SUP095,CAT002,Fuel Injector 724,Aluminum,141.48,True,Active
PRT0917,SUP044,CAT009,Air Duct 419,Fabric,53.86,False,Active
PRT0918,SUP074,CAT008,Washer Kit 624,Composite,38.45,False,Active
PRT0919,SUP077,CAT005,Suspension Link 271,Copper,23.17,True,Active
PRT0920,SUP074,CAT010,Battery Cable 162,Steel,144.45,True,Active
PRT0921,SUP011,CAT005,Stabilizer Bar 127,Plastic,78.17,False,Active
PRT0922,SUP036,CAT005,Suspension Link 235,Copper,14.57,False,Active
PRT0923,SUP085,CAT002,Fuel Injector 278,Foam,155.31,False,Active
PRT0924,SUP063,CAT003,Dashboard Trim 901,Plastic,18.91,False,Active
PRT0925,SUP077,CAT001,Sensor Assembly 186,Plastic,86.15,False,Active
PRT0926,SUP022,CAT007,Drive Shaft 343,Rubber,40.9,True,Active
PRT0927,SUP015,CAT006,Brake Rotor 757,Steel,21.18,False,Active
PRT0928,SUP069,CAT007,Drive Shaft 408,Rubber,216.95,True,Active
PRT0929,SUP068,CAT012,LED Module 585,Glass,115.86,False,Active
PRT0930,SUP068,CAT008,Washer Kit 794,Steel,31.42,False,Active
PRT0931,SUP084,CAT009,Evaporator Core 964,Copper,21.24,False,Active
PRT0932,SUP051,CAT005,Control Arm 361,Foam,149.15,False,Active
PRT0933,SUP099,CAT012,Taillight Assembly 851,Rubber,10.4,False,Active
PRT0934,SUP009,CAT011,Seatbelt Assembly 420,Steel,22.9,True,Active
PRT0935,SUP029,CAT009,AC Compressor 801,Copper,47.09,False,Active
PRT0936,SUP077,CAT001,ECU Module 734,Rubber,22.16,True,Inactive
PRT0937,SUP078,CAT011,Airbag Module 825,Plastic,33.05,False,Active
PRT0938,SUP090,CAT011,Safety Controller 922,Plastic,273.59,False,Active
PRT0939,SUP036,CAT008,Bolt Set 754,Glass,40.25,False,Active
PRT0940,SUP100,CAT011,Impact Sensor 363,Steel,46.86,True,Active
PRT0941,SUP034,CAT006,Brake Rotor 364,Plastic,11.89,False,Active
PRT0942,SUP083,CAT008,Clip Set 724,Foam,66.55,False,Active
PRT0943,SUP014,CAT009,Heater Core 323,Foam,55.71,False,Active
PRT0944,SUP100,CAT002,Engine Block 174,Foam,127.95,True,Active
PRT0945,SUP005,CAT008,Clip Set 768,Glass,145.08,False,Active
PRT0946,SUP066,CAT012,Fog Lamp 500,Foam,14.07,False,Active
PRT0947,SUP089,CAT007,Transmission Case 653,Foam,30.81,True,Active
PRT0948,SUP052,CAT009,Evaporator Core 441,Steel,19.04,False,Active
PRT0949,SUP011,CAT011,Airbag Module 474,Foam,155.91,True,Active
PRT0950,SUP050,CAT005,Subframe 280,Rubber,40.23,False,Active
PRT0951,SUP081,CAT007,Transmission Case 745,Foam,94.44,True,Active
PRT0952,SUP076,CAT003,Door Panel 297,Rubber,43.89,True,Active
PRT0953,SUP058,CAT002,Fuel Injector 758,Steel,43.83,True,Active
PRT0954,SUP052,CAT001,Sensor Assembly 906,Aluminum,105.11,False,Active
PRT0955,SUP069,CAT011,Safety Controller 569,Plastic,142.97,False,Active
PRT0956,SUP063,CAT004,Front Bumper 137,Steel,80.95,False,Active
PRT0957,SUP023,CAT010,Battery Module 348,Steel,104.18,False,Inactive
PRT0958,SUP014,CAT002,Timing Chain 725,Aluminum,180.05,True,Active
PRT0959,SUP095,CAT010,Battery Tray 164,Glass,171.28,False,Active
PRT0960,SUP028,CAT011,Safety Controller 658,Steel,213.65,True,Active
PRT0961,SUP097,CAT006,Brake Rotor 223,Glass,55.38,False,Active
PRT0962,SUP075,CAT006,Brake Hose 268,Steel,95.9,False,Active
PRT0963,SUP063,CAT011,Safety Controller 485,Aluminum,79.32,False,Active
PRT0964,SUP037,CAT003,Door Panel 823,Glass,58.39,False,Active
PRT0965,SUP035,CAT008,Clip Set 311,Fabric,30.82,True,Active
PRT0966,SUP077,CAT004,Rear Bumper 725,Plastic,104.8,False,Active
PRT0967,SUP054,CAT010,Battery Module 742,Steel,55.98,False,Active
PRT0968,SUP080,CAT004,Front Bumper 642,Composite,139.88,False,Active
PRT0969,SUP081,CAT009,Air Duct 324,Rubber,32.07,False,Active
PRT0970,SUP061,CAT004,Front Bumper 915,Foam,10.54,True,Active
PRT0971,SUP056,CAT011,Airbag Module 155,Copper,104.76,True,Active
PRT0972,SUP069,CAT008,Bolt Set 206,Plastic,19.2,False,Active
PRT0973,SUP031,CAT001,Fuse Box 627,Foam,64.88,True,Active
PRT0974,SUP042,CAT006,ABS Module 303,Rubber,19.65,False,Active
PRT0975,SUP053,CAT006,Brake Caliper 200,Rubber,23.17,False,Active
PRT0976,SUP007,CAT004,Front Bumper 582,Glass,7.3,False,Active
PRT0977,SUP093,CAT010,Cell Connector 282,Rubber,55.56,True,Active
PRT0978,SUP089,CAT005,Subframe 443,Lithium-Ion,4.76,True,Active
PRT0979,SUP054,CAT003,Door Panel 972,Plastic,9.33,False,Active
PRT0980,SUP082,CAT004,Side Mirror 718,Lithium-Ion,60.85,True,Inactive
PRT0981,SUP067,CAT010,Cooling Plate 975,Foam,200.87,True,Active
PRT0982,SUP036,CAT004,Grille Assembly 584,Steel,46.54,False,Active
PRT0983,SUP075,CAT012,Taillight Assembly 353,Rubber,15.28,False,Active
PRT0984,SUP006,CAT010,Battery Tray 687,Steel,103.72,False,Obsolete
PRT0985,SUP051,CAT012,Light Housing 134,Foam,33.02,False,Active
PRT0986,SUP011,CAT012,Headlamp Assembly 563,Fabric,13.11,False,Active
PRT0987,SUP038,CAT012,LED Module 323,Rubber,110.25,True,Active
PRT0988,SUP059,CAT002,Engine Block 591,Lithium-Ion,166.05,True,Active
PRT0989,SUP091,CAT001,Fuse Box 574,Glass,27.75,False,Active
PRT0990,SUP081,CAT006,ABS Module 820,Aluminum,33.84,False,Active
PRT0991,SUP055,CAT012,Fog Lamp 643,Copper,39.12,True,Active
PRT0992,SUP011,CAT010,Cooling Plate 689,Lithium-Ion,28.23,False,Active
PRT0993,SUP087,CAT012,Headlamp Assembly 627,Composite,27.17,False,Active
PRT0994,SUP047,CAT002,Timing Chain 474,Plastic,40.73,True,Active
PRT0995,SUP027,CAT012,Headlamp Assembly 674,Plastic,14.86,False,Obsolete
PRT0996,SUP095,CAT004,Grille Assembly 216,Lithium-Ion,26.45,False,Active
PRT0997,SUP029,CAT012,Taillight Assembly 871,Composite,139.51,False,Active
PRT0998,SUP007,CAT005,Stabilizer Bar 796,Aluminum,55.29,False,Active
PRT0999,SUP016,CAT008,Washer Kit 613,Foam,20.97,False,Active
PRT1000,SUP087,CAT011,Safety Controller 399,Aluminum,162.55,True,Active
